-- 1. OSOBA

insert into OSOBA (osoba_id, ime, prezime, datum_rodenja, OIB, drzavljanstvo) values (1, 'Mladen', 'Bijol', '02-Feb-1963', '71431565518', 'Hrvatska');
insert into OSOBA (osoba_id, ime, prezime, datum_rodenja, OIB, drzavljanstvo) values (2, 'Mladen', 'Miščević', '26-Oct-1963', '32162335110', 'Hrvatska');
insert into OSOBA (osoba_id, ime, prezime, datum_rodenja, OIB, drzavljanstvo) values (3, 'Boris', 'Krstičević', '07-Jul-1967', '74133326711', 'Hrvatska');
insert into OSOBA (osoba_id, ime, prezime, datum_rodenja, OIB, drzavljanstvo) values (4, 'Marijan', 'Longin', '14-Jul-1955', '93171022112', 'Hrvatska');
insert into OSOBA (osoba_id, ime, prezime, datum_rodenja, OIB, drzavljanstvo) values (5, 'Marijan', 'Oston', '15-Jul-1976', '13072492614', 'Hrvatska');
insert into OSOBA (osoba_id, ime, prezime, datum_rodenja, OIB, drzavljanstvo) values (6, 'Mislav', 'Vranković', '28-May-1965', '97713394010', 'Hrvatska');
insert into OSOBA (osoba_id, ime, prezime, datum_rodenja, OIB, drzavljanstvo) values (7, 'Marko', 'Ivanko', '08-Apr-1967', '49697977016', 'Hrvatska');
insert into OSOBA (osoba_id, ime, prezime, datum_rodenja, OIB, drzavljanstvo) values (8, 'Mislav', 'Bijol', '14-Oct-1972', '09685381412', 'Hrvatska');
insert into OSOBA (osoba_id, ime, prezime, datum_rodenja, OIB, drzavljanstvo) values (9, 'Slavko', 'Strukan', '31-Aug-1971', '71777421714', 'Hrvatska');
insert into OSOBA (osoba_id, ime, prezime, datum_rodenja, OIB, drzavljanstvo) values (10, 'Vladimir', 'Tanković', '23-Nov-1962', '37853434717', 'Hrvatska');
insert into OSOBA (osoba_id, ime, prezime, datum_rodenja, OIB, drzavljanstvo) values (11, 'Boris', 'Longin', '31-Jul-1970', '42061676015', 'Hrvatska');
insert into OSOBA (osoba_id, ime, prezime, datum_rodenja, OIB, drzavljanstvo) values (12, 'Bruno', 'Tanković', '06-Sep-1963', '21149173918', 'Hrvatska');
insert into OSOBA (osoba_id, ime, prezime, datum_rodenja, OIB, drzavljanstvo) values (13, 'Petar', 'Šego', '17-Apr-1996', '67694646018', 'Hrvatska');
insert into OSOBA (osoba_id, ime, prezime, datum_rodenja, OIB, drzavljanstvo) values (14, 'Mišel', 'Stojaković', '15-Aug-1994', '55119370916', 'Hrvatska');
insert into OSOBA (osoba_id, ime, prezime, datum_rodenja, OIB, drzavljanstvo) values (15, 'Damir', 'Šimić', '28-Sep-1997', '70968553816', 'Hrvatska');
insert into OSOBA (osoba_id, ime, prezime, datum_rodenja, OIB, drzavljanstvo) values (16, 'Bruno', 'Brlek', '07-Feb-1992', '53126585513', 'Hrvatska');
insert into OSOBA (osoba_id, ime, prezime, datum_rodenja, OIB, drzavljanstvo) values (17, 'Danijel', 'Luketić', '07-May-1992', '15549162519', 'Hrvatska');
insert into OSOBA (osoba_id, ime, prezime, datum_rodenja, OIB, drzavljanstvo) values (18, 'Petar', 'Bel', '22-Dec-1989', '90380081918', 'Hrvatska');
insert into OSOBA (osoba_id, ime, prezime, datum_rodenja, OIB, drzavljanstvo) values (19, 'Ivan', 'Pejačević', '04-Dec-1993', '49117281410', 'Hrvatska');
insert into OSOBA (osoba_id, ime, prezime, datum_rodenja, OIB, drzavljanstvo) values (20, 'Boris', 'Brkić', '18-Aug-1993', '84792569311', 'Hrvatska');
insert into OSOBA (osoba_id, ime, prezime, datum_rodenja, OIB, drzavljanstvo) values (21, 'Mišel', 'Globan', '25-Aug-1983', '64962728519', 'Hrvatska');
insert into OSOBA (osoba_id, ime, prezime, datum_rodenja, OIB, drzavljanstvo) values (22, 'Bruno', 'Kukulja', '21-Jan-1987', '35541218119', 'Hrvatska');
insert into OSOBA (osoba_id, ime, prezime, datum_rodenja, OIB, drzavljanstvo) values (23, 'Vedran', 'Šego', '11-May-1990', '51917678012', 'BIH');
insert into OSOBA (osoba_id, ime, prezime, datum_rodenja, OIB, drzavljanstvo) values (24, 'Andrija', 'Dejanović', '20-Mar-1989', '67517726111', 'BIH');
insert into OSOBA (osoba_id, ime, prezime, datum_rodenja, OIB, drzavljanstvo) values (25, 'Mladen', 'Bel', '07-Jun-1986', '87523197117', 'Hrvatska');
insert into OSOBA (osoba_id, ime, prezime, datum_rodenja, OIB, drzavljanstvo) values (26, 'Ivan', 'Radmanović', '30-Jul-1995', '68176020912', 'Hrvatska');
insert into OSOBA (osoba_id, ime, prezime, datum_rodenja, OIB, drzavljanstvo) values (27, 'Vedran', 'Banić', '29-Oct-1994', '36838129213', 'Hrvatska');
insert into OSOBA (osoba_id, ime, prezime, datum_rodenja, OIB, drzavljanstvo) values (28, 'Dejan', 'Andrijašević', '27-Dec-1985', '62843763617', 'Hrvatska');
insert into OSOBA (osoba_id, ime, prezime, datum_rodenja, OIB, drzavljanstvo) values (29, 'Mladen', 'Vukmirica', '27-Jul-1996', '60248485316', 'Hrvatska');
insert into OSOBA (osoba_id, ime, prezime, datum_rodenja, OIB, drzavljanstvo) values (30, 'Dejan', 'Prostran', '24-Jul-1987', '07176729418', 'Hrvatska');
insert into OSOBA (osoba_id, ime, prezime, datum_rodenja, OIB, drzavljanstvo) values (31, 'Darko', 'Vrančić', '13-Jan-1987', '06530107317', 'Hrvatska');
insert into OSOBA (osoba_id, ime, prezime, datum_rodenja, OIB, drzavljanstvo) values (32, 'Andrija', 'Kolega', '03-Sep-1994', '55062653719', 'Hrvatska');
insert into OSOBA (osoba_id, ime, prezime, datum_rodenja, OIB, drzavljanstvo) values (33, 'Andrija', 'Marić', '18-Jan-1987', '90760430914', 'Hrvatska');
insert into OSOBA (osoba_id, ime, prezime, datum_rodenja, OIB, drzavljanstvo) values (34, 'Dejan', 'Simić', '23-Jul-1999', '61652276718', 'Srbija');
insert into OSOBA (osoba_id, ime, prezime, datum_rodenja, OIB, drzavljanstvo) values (35, 'Damir', 'Brkić', '17-Dec-1993', '80207125117', 'Hrvatska');
insert into OSOBA (osoba_id, ime, prezime, datum_rodenja, OIB, drzavljanstvo) values (36, 'Samir', 'Stjepanović', '19-Dec-1999', '91518011911', 'BIH');
insert into OSOBA (osoba_id, ime, prezime, datum_rodenja, OIB, drzavljanstvo) values (37, 'Samir', 'Dejanović', '14-Dec-1990', '57973246111', 'Hrvatska');
insert into OSOBA (osoba_id, ime, prezime, datum_rodenja, OIB, drzavljanstvo) values (38, 'Marijan', 'Marić', '17-Dec-1993', '50765981016', 'Hrvatska');
insert into OSOBA (osoba_id, ime, prezime, datum_rodenja, OIB, drzavljanstvo) values (39, 'Mišel', 'Bišćević', '02-Oct-1984', '11605866813', 'Hrvatska');

-- SELECT * FROM OSOBA;

-- 2. SEZONA

insert into SEZONA (godina_pocetka) VALUES (2018);
insert into SEZONA (godina_pocetka) VALUES (2019);
insert into SEZONA (godina_pocetka) VALUES (2020);

-- SELECT * FROM SEZONA;

-- 3. ULOGA

insert into ULOGA (uloga_id, naziv, opis) VALUES (1, 'Zaštitar', 'Sudjeluje u osiguravanju klupskog zemljišta za vrijeme utakmica i treninga.');
insert into ULOGA (uloga_id, naziv, opis) VALUES (2, 'Domar', 'Održavanje klupskih prostorija i travnjaka');
insert into ULOGA (uloga_id, naziv) VALUES (3, 'Tajnik');
insert into ULOGA (uloga_id, naziv) VALUES (4, 'Glasnogovornik');
insert into ULOGA (uloga_id, naziv, opis) VALUES (5, 'Sportski direktor', 'Zadužen za upravljanje igračkim i stručnim kadrom.');
insert into ULOGA (uloga_id, naziv) VALUES (6, 'Direktor škole nogometa');
insert into ULOGA (uloga_id, naziv) VALUES (7, 'Trener');
insert into ULOGA (uloga_id, naziv) VALUES (8, 'Financijski direktor');
insert into ULOGA (uloga_id, naziv, opis) VALUES (9, 'Skaut', 'Zadužen za evaluaciju potencijalnih igrača');
insert into ULOGA (uloga_id, naziv) VALUES (10, 'Fizioterapeut');

-- 4(A). UGOVOR (-> UGOVOR OSOBLJE)

insert into UGOVOR (ugovor_id, datum_pocetka, datum_raskida, mjesecna_placa, osoba_id) VALUES (1, '01-Jun-2016', '01-Jun-2018', 1200, 1);
insert into UGOVOR (ugovor_id, datum_pocetka, mjesecna_placa, osoba_id) VALUES (2, '01-Jun-2018', 1200, 2);
insert into UGOVOR (ugovor_id, datum_pocetka, datum_raskida, mjesecna_placa, osoba_id) VALUES (3, '01-Jun-2016', '01-Jun-2019', 1600, 3);
insert into UGOVOR (ugovor_id, datum_pocetka, mjesecna_placa, osoba_id) VALUES (4, '01-Jun-2019', 1600, 4);
insert into UGOVOR (ugovor_id, datum_pocetka, mjesecna_placa, osoba_id) VALUES (5, '01-Jun-2016', 3200, 5);
insert into UGOVOR (ugovor_id, datum_pocetka, mjesecna_placa, osoba_id) VALUES (6, '01-Jun-2016', 3200, 6);
insert into UGOVOR (ugovor_id, datum_pocetka, mjesecna_placa, osoba_id) VALUES (7, '01-Jun-2016', 6500, 7);
insert into UGOVOR (ugovor_id, datum_pocetka, mjesecna_placa, osoba_id) VALUES (8, '01-Jun-2016', 4800, 8);
insert into UGOVOR (ugovor_id, datum_pocetka, mjesecna_placa, osoba_id) VALUES (9, '01-Jun-2020', 6200, 9);
insert into UGOVOR (ugovor_id, datum_pocetka, datum_raskida, mjesecna_placa, osoba_id) VALUES (10, '01-Jun-2016', '01-Jun-2020', 6200, 10);
insert into UGOVOR (ugovor_id, datum_pocetka, mjesecna_placa, osoba_id) VALUES (11, '01-Jun-2016', 8200, 11);
insert into UGOVOR (ugovor_id, datum_pocetka, mjesecna_placa, osoba_id) VALUES (12, '01-Jun-2016', 4200, 12);
insert into UGOVOR (ugovor_id, datum_pocetka, mjesecna_placa, osoba_id) VALUES (13, '01-Jun-2016', 2200, 13);
-- bivsi igraci, sada osoblje
insert into UGOVOR (ugovor_id, datum_pocetka, mjesecna_placa, osoba_id) values (40, '01-Jun-2020', 6200, 28);
insert into UGOVOR (ugovor_id, datum_pocetka, mjesecna_placa, osoba_id) values (41, '01-Jun-2020', 2200, 27);

SELECT * FROM UGOVOR ORDER BY ugovor_id;

-- 5. UGOVOR_OSOBLJE
insert into UGOVOR_OSOBLJE (ugovor_id, uloga_id) VALUES (1,1);
insert into UGOVOR_OSOBLJE (ugovor_id, uloga_id) VALUES (2,1);
insert into UGOVOR_OSOBLJE (ugovor_id, uloga_id) VALUES (3,2);
insert into UGOVOR_OSOBLJE (ugovor_id, uloga_id) VALUES (4,2);
insert into UGOVOR_OSOBLJE (ugovor_id, uloga_id) VALUES (5,3);
insert into UGOVOR_OSOBLJE (ugovor_id, uloga_id) VALUES (6,4);
insert into UGOVOR_OSOBLJE (ugovor_id, uloga_id) VALUES (7,5);
insert into UGOVOR_OSOBLJE (ugovor_id, uloga_id) VALUES (8,6);
insert into UGOVOR_OSOBLJE (ugovor_id, uloga_id) VALUES (9,7);
insert into UGOVOR_OSOBLJE (ugovor_id, uloga_id) VALUES (10,7);
insert into UGOVOR_OSOBLJE (ugovor_id, uloga_id) VALUES (11,8);
insert into UGOVOR_OSOBLJE (ugovor_id, uloga_id) VALUES (12,9);
insert into UGOVOR_OSOBLJE (ugovor_id, uloga_id) VALUES (13,10);

insert into UGOVOR_OSOBLJE (ugovor_id, uloga_id) VALUES (40,7);
insert into UGOVOR_OSOBLJE (ugovor_id, uloga_id) VALUES (41,10);

-- 4(B).UGOVOR (-> UGOVOR_IGRAC)

insert into UGOVOR (ugovor_id, datum_pocetka, datum_isteka, mjesecna_placa, osoba_id) values (14, '01-Jun-2018', '01-Jun-2019', 10000, 14);
insert into UGOVOR (ugovor_id, datum_pocetka, datum_isteka, mjesecna_placa, osoba_id) values (15, '01-Jun-2017', '01-Jun-2019', 3000, 15);
insert into UGOVOR (ugovor_id, datum_pocetka, datum_isteka, mjesecna_placa, osoba_id) values (16, '01-Jun-2019', '01-Jun-2021', 4000, 16);
insert into UGOVOR (ugovor_id, datum_pocetka, datum_isteka, mjesecna_placa, osoba_id) values (17, '01-Jun-2019', '01-Jun-2021', 3600, 17);
insert into UGOVOR (ugovor_id, datum_pocetka, datum_isteka, mjesecna_placa, osoba_id) values (18, '01-Jun-2019', '01-Jun-2020', 10000, 18);
insert into UGOVOR (ugovor_id, datum_pocetka, datum_isteka, mjesecna_placa, osoba_id) values (19, '01-Jun-2019', '01-Jun-2021', 6000, 19);
insert into UGOVOR (ugovor_id, datum_pocetka, datum_isteka, mjesecna_placa, osoba_id) values (20, '01-Jun-2018', '01-Jun-2022', 6000, 20);
insert into UGOVOR (ugovor_id, datum_pocetka, datum_isteka, mjesecna_placa, osoba_id) values (21, '01-Jun-2017', '01-Jun-2022', 2200, 21);
insert into UGOVOR (ugovor_id, datum_pocetka, datum_isteka, mjesecna_placa, osoba_id) values (22, '01-Jun-2019', '01-Jun-2022', 6000, 22);
insert into UGOVOR (ugovor_id, datum_pocetka, datum_isteka, mjesecna_placa, osoba_id) values (23, '01-Jun-2016', '01-Jun-2020', 2200, 23);
insert into UGOVOR (ugovor_id, datum_pocetka, datum_isteka, mjesecna_placa, osoba_id) values (24, '01-Jun-2017', '01-Jun-2020', 8000, 24);
insert into UGOVOR (ugovor_id, datum_pocetka, datum_isteka, mjesecna_placa, osoba_id) values (25, '01-Jun-2016', '01-Jun-2021', 4800, 25);
insert into UGOVOR (ugovor_id, datum_pocetka, datum_isteka, mjesecna_placa, osoba_id) values (26, '01-Jun-2016', '01-Jun-2021', 3000, 26);
insert into UGOVOR (ugovor_id, datum_pocetka, datum_isteka, mjesecna_placa, osoba_id) values (27, '01-Jun-2016', '01-Jun-2019', 4800, 27);
insert into UGOVOR (ugovor_id, datum_pocetka, datum_isteka, mjesecna_placa, osoba_id) values (28, '01-Jun-2017', '01-Jun-2019', 4800, 28);
insert into UGOVOR (ugovor_id, datum_pocetka, datum_isteka, mjesecna_placa, osoba_id) values (29, '01-Jun-2019', '01-Jun-2022', 6000, 29);
insert into UGOVOR (ugovor_id, datum_pocetka, datum_isteka, mjesecna_placa, osoba_id) values (30, '01-Jun-2018', '01-Jun-2022', 2200, 30);
insert into UGOVOR (ugovor_id, datum_pocetka, datum_isteka, mjesecna_placa, osoba_id) values (31, '01-Jun-2018', '01-Jun-2021', 2200, 31);
insert into UGOVOR (ugovor_id, datum_pocetka, datum_isteka, mjesecna_placa, osoba_id) values (32, '01-Jun-2017', '01-Jun-2019', 4000, 32);
insert into UGOVOR (ugovor_id, datum_pocetka, datum_isteka, mjesecna_placa, osoba_id) values (33, '01-Jun-2019', '01-Jun-2022', 6000, 33);
insert into UGOVOR (ugovor_id, datum_pocetka, datum_isteka, mjesecna_placa, osoba_id) values (34, '01-Jun-2018', '01-Jun-2019', 10000, 34);
insert into UGOVOR (ugovor_id, datum_pocetka, datum_isteka, mjesecna_placa, osoba_id) values (35, '01-Jun-2019', '01-Jun-2020', 3000, 35);
insert into UGOVOR (ugovor_id, datum_pocetka, datum_isteka, mjesecna_placa, osoba_id) values (36, '01-Jun-2017', '01-Jun-2020', 2200, 36);
insert into UGOVOR (ugovor_id, datum_pocetka, datum_isteka, mjesecna_placa, osoba_id) values (37, '01-Jun-2018', '01-Jun-2020', 4800, 37);
insert into UGOVOR (ugovor_id, datum_pocetka, datum_isteka, mjesecna_placa, osoba_id) values (38, '01-Jun-2018', '01-Jun-2019', 6000, 38);
insert into UGOVOR (ugovor_id, datum_pocetka, datum_isteka, mjesecna_placa, osoba_id) values (39, '01-Jun-2019', '01-Jun-2020', 4800, 39);

insert into UGOVOR (ugovor_id, datum_pocetka, datum_isteka, mjesecna_placa, osoba_id) values (42, '01-Jun-2020', '01-Jun-2022', 6800, 38);
insert into UGOVOR (ugovor_id, datum_pocetka, datum_isteka, mjesecna_placa, osoba_id) values (43, '01-Jun-2020', '01-Jun-2022', 4800, 35);
insert into UGOVOR (ugovor_id, datum_pocetka, datum_isteka, mjesecna_placa, osoba_id) values (44, '01-Jun-2020', '01-Jun-2022', 5800, 36);
insert into UGOVOR (ugovor_id, datum_pocetka, datum_isteka, mjesecna_placa, osoba_id) values (45, '01-Jun-2020', '01-Jun-2022', 6800, 37);
insert into UGOVOR (ugovor_id, datum_pocetka, datum_isteka, mjesecna_placa, osoba_id) values (46, '01-Jun-2020', '01-Jun-2022', 6800, 39);

CALL update_datum_raskid();

-- 6. UGOVOR_IGRAC
insert into UGOVOR_IGRAC (ugovor_id, odstetna_klauzula, bonus_za_izvedbu) values (14, null, null);
insert into UGOVOR_IGRAC (ugovor_id, odstetna_klauzula, bonus_za_izvedbu) values (15, 12000, 700);
insert into UGOVOR_IGRAC (ugovor_id, odstetna_klauzula, bonus_za_izvedbu) values (16, 25000, null);
insert into UGOVOR_IGRAC (ugovor_id, odstetna_klauzula, bonus_za_izvedbu) values (17, null, null);
insert into UGOVOR_IGRAC (ugovor_id, odstetna_klauzula, bonus_za_izvedbu) values (18, null, 200);
insert into UGOVOR_IGRAC (ugovor_id, odstetna_klauzula, bonus_za_izvedbu) values (19, 50000, null);
insert into UGOVOR_IGRAC (ugovor_id, odstetna_klauzula, bonus_za_izvedbu) values (20, null, 700);
insert into UGOVOR_IGRAC (ugovor_id, odstetna_klauzula, bonus_za_izvedbu) values (21, null, null);
insert into UGOVOR_IGRAC (ugovor_id, odstetna_klauzula, bonus_za_izvedbu) values (22, null, null);
insert into UGOVOR_IGRAC (ugovor_id, odstetna_klauzula, bonus_za_izvedbu) values (23, null, 700);
insert into UGOVOR_IGRAC (ugovor_id, odstetna_klauzula, bonus_za_izvedbu) values (24, null, null);
insert into UGOVOR_IGRAC (ugovor_id, odstetna_klauzula, bonus_za_izvedbu) values (25, 30000, null);
insert into UGOVOR_IGRAC (ugovor_id, odstetna_klauzula, bonus_za_izvedbu) values (26, null, 450);
insert into UGOVOR_IGRAC (ugovor_id, odstetna_klauzula, bonus_za_izvedbu) values (27, 50000, 200);
insert into UGOVOR_IGRAC (ugovor_id, odstetna_klauzula, bonus_za_izvedbu) values (28, null, null);
insert into UGOVOR_IGRAC (ugovor_id, odstetna_klauzula, bonus_za_izvedbu) values (29, null, 700);
insert into UGOVOR_IGRAC (ugovor_id, odstetna_klauzula, bonus_za_izvedbu) values (30, 50000, 200);
insert into UGOVOR_IGRAC (ugovor_id, odstetna_klauzula, bonus_za_izvedbu) values (31, null, null);
insert into UGOVOR_IGRAC (ugovor_id, odstetna_klauzula, bonus_za_izvedbu) values (32, 30000, 450);
insert into UGOVOR_IGRAC (ugovor_id, odstetna_klauzula, bonus_za_izvedbu) values (33, 25000, null);
insert into UGOVOR_IGRAC (ugovor_id, odstetna_klauzula, bonus_za_izvedbu) values (34, null, null);
insert into UGOVOR_IGRAC (ugovor_id, odstetna_klauzula, bonus_za_izvedbu) values (35, null, 700);
insert into UGOVOR_IGRAC (ugovor_id, odstetna_klauzula, bonus_za_izvedbu) values (36, null, 450);
insert into UGOVOR_IGRAC (ugovor_id, odstetna_klauzula, bonus_za_izvedbu) values (37, 25000, null);
insert into UGOVOR_IGRAC (ugovor_id, odstetna_klauzula, bonus_za_izvedbu) values (38, 30000, null);
insert into UGOVOR_IGRAC (ugovor_id, odstetna_klauzula, bonus_za_izvedbu) values (39, null, 200);

insert into UGOVOR_IGRAC (ugovor_id, odstetna_klauzula, bonus_za_izvedbu) values (42, 45000, 600);
insert into UGOVOR_IGRAC (ugovor_id, odstetna_klauzula, bonus_za_izvedbu) values (43, null, 1000);
insert into UGOVOR_IGRAC (ugovor_id, odstetna_klauzula, bonus_za_izvedbu) values (44, null, null);
insert into UGOVOR_IGRAC (ugovor_id, odstetna_klauzula, bonus_za_izvedbu) values (45, 25000, null);
insert into UGOVOR_IGRAC (ugovor_id, odstetna_klauzula, bonus_za_izvedbu) values (46, 15000, 1600);

-- 7.IGRAC_REGISTRACIJA
-- Prva sezona
insert into IGRAC_REGISTRACIJA (broj_registracije, sezona, ugovor_id) VALUES (101,2018,14);
insert into IGRAC_REGISTRACIJA (broj_registracije, sezona, ugovor_id) VALUES (102,2018,15);
insert into IGRAC_REGISTRACIJA (broj_registracije, sezona, ugovor_id) VALUES (103,2018,20);
insert into IGRAC_REGISTRACIJA (broj_registracije, sezona, ugovor_id) VALUES (104,2018,21);
insert into IGRAC_REGISTRACIJA (broj_registracije, sezona, ugovor_id) VALUES (105,2018,23);
insert into IGRAC_REGISTRACIJA (broj_registracije, sezona, ugovor_id) VALUES (106,2018,24);
insert into IGRAC_REGISTRACIJA (broj_registracije, sezona, ugovor_id) VALUES (107,2018,25);
insert into IGRAC_REGISTRACIJA (broj_registracije, sezona, ugovor_id) VALUES (108,2018,26);
insert into IGRAC_REGISTRACIJA (broj_registracije, sezona, ugovor_id) VALUES (109,2018,27);
insert into IGRAC_REGISTRACIJA (broj_registracije, sezona, ugovor_id) VALUES (110,2018,28);
insert into IGRAC_REGISTRACIJA (broj_registracije, sezona, ugovor_id) VALUES (111,2018,30);
insert into IGRAC_REGISTRACIJA (broj_registracije, sezona, ugovor_id) VALUES (112,2018,31);
insert into IGRAC_REGISTRACIJA (broj_registracije, sezona, ugovor_id) VALUES (113,2018,32);
insert into IGRAC_REGISTRACIJA (broj_registracije, sezona, ugovor_id) VALUES (114,2018,34);
insert into IGRAC_REGISTRACIJA (broj_registracije, sezona, ugovor_id) VALUES (115,2018,36);
insert into IGRAC_REGISTRACIJA (broj_registracije, sezona, ugovor_id) VALUES (116,2018,37);
insert into IGRAC_REGISTRACIJA (broj_registracije, sezona, ugovor_id) VALUES (117,2018,38);

-- Druga sezona
insert into IGRAC_REGISTRACIJA (broj_registracije, sezona, ugovor_id) VALUES (201,2019,16);
insert into IGRAC_REGISTRACIJA (broj_registracije, sezona, ugovor_id) VALUES (202,2019,17);
insert into IGRAC_REGISTRACIJA (broj_registracije, sezona, ugovor_id) VALUES (203,2019,18);
insert into IGRAC_REGISTRACIJA (broj_registracije, sezona, ugovor_id) VALUES (204,2019,19);
insert into IGRAC_REGISTRACIJA (broj_registracije, sezona, ugovor_id) VALUES (205,2019,20);
insert into IGRAC_REGISTRACIJA (broj_registracije, sezona, ugovor_id) VALUES (206,2019,21);
insert into IGRAC_REGISTRACIJA (broj_registracije, sezona, ugovor_id) VALUES (207,2019,22);
insert into IGRAC_REGISTRACIJA (broj_registracije, sezona, ugovor_id) VALUES (208,2019,23);
insert into IGRAC_REGISTRACIJA (broj_registracije, sezona, ugovor_id) VALUES (209,2019,24);
insert into IGRAC_REGISTRACIJA (broj_registracije, sezona, ugovor_id) VALUES (210,2019,25);
insert into IGRAC_REGISTRACIJA (broj_registracije, sezona, ugovor_id) VALUES (211,2019,26);
insert into IGRAC_REGISTRACIJA (broj_registracije, sezona, ugovor_id) VALUES (212,2019,29);
insert into IGRAC_REGISTRACIJA (broj_registracije, sezona, ugovor_id) VALUES (213,2019,30);
insert into IGRAC_REGISTRACIJA (broj_registracije, sezona, ugovor_id) VALUES (214,2019,31);
insert into IGRAC_REGISTRACIJA (broj_registracije, sezona, ugovor_id) VALUES (215,2019,33);
insert into IGRAC_REGISTRACIJA (broj_registracije, sezona, ugovor_id) VALUES (216,2019,35);
insert into IGRAC_REGISTRACIJA (broj_registracije, sezona, ugovor_id) VALUES (217,2019,36);
insert into IGRAC_REGISTRACIJA (broj_registracije, sezona, ugovor_id) VALUES (218,2019,37);
insert into IGRAC_REGISTRACIJA (broj_registracije, sezona, ugovor_id) VALUES (219,2019,39);

-- Treca sezona
insert into IGRAC_REGISTRACIJA (broj_registracije, sezona, ugovor_id) VALUES (301,2020,16);
insert into IGRAC_REGISTRACIJA (broj_registracije, sezona, ugovor_id) VALUES (302,2020,17);
insert into IGRAC_REGISTRACIJA (broj_registracije, sezona, ugovor_id) VALUES (303,2020,19);
insert into IGRAC_REGISTRACIJA (broj_registracije, sezona, ugovor_id) VALUES (304,2020,20);
insert into IGRAC_REGISTRACIJA (broj_registracije, sezona, ugovor_id) VALUES (305,2020,21);
insert into IGRAC_REGISTRACIJA (broj_registracije, sezona, ugovor_id) VALUES (306,2020,22);
insert into IGRAC_REGISTRACIJA (broj_registracije, sezona, ugovor_id) VALUES (307,2020,25);
insert into IGRAC_REGISTRACIJA (broj_registracije, sezona, ugovor_id) VALUES (308,2020,26);
insert into IGRAC_REGISTRACIJA (broj_registracije, sezona, ugovor_id) VALUES (309,2020,29);
insert into IGRAC_REGISTRACIJA (broj_registracije, sezona, ugovor_id) VALUES (310,2020,30);
insert into IGRAC_REGISTRACIJA (broj_registracije, sezona, ugovor_id) VALUES (311,2020,31);
insert into IGRAC_REGISTRACIJA (broj_registracije, sezona, ugovor_id) VALUES (312,2020,33);
insert into IGRAC_REGISTRACIJA (broj_registracije, sezona, ugovor_id) VALUES (313,2020,42);
insert into IGRAC_REGISTRACIJA (broj_registracije, sezona, ugovor_id) VALUES (314,2020,43);
insert into IGRAC_REGISTRACIJA (broj_registracije, sezona, ugovor_id) VALUES (315,2020,44);
insert into IGRAC_REGISTRACIJA (broj_registracije, sezona, ugovor_id) VALUES (316,2020,45);
insert into IGRAC_REGISTRACIJA (broj_registracije, sezona, ugovor_id) VALUES (317,2020,46);

-- 8. UTAKMICA
insert into UTAKMICA (utakmica_id, datum_odigravanja, natjecanje, domaca_utakmica, protivnik, zabijeni_golovi, primljeni_golovi, opis) 
VALUES (1, '17-Jul-2018', '3.Županijska nogometna liga VS', 1, 'HNK Komletinci', 3, 2, '1.kolo');
insert into UTAKMICA (utakmica_id, datum_odigravanja, natjecanje, domaca_utakmica, protivnik, zabijeni_golovi, primljeni_golovi, opis) 
VALUES (2, '13-Dec-2018', '3.Županijska nogometna liga VS', 1, 'NK Račinovci', 3, 0, '2.kolo');
insert into UTAKMICA (utakmica_id, datum_odigravanja, natjecanje, domaca_utakmica, protivnik, zabijeni_golovi, primljeni_golovi, opis) 
VALUES (3, '12-Feb-2019', '3.Županijska nogometna liga VS', 0, 'HNK Komletinci', 0, 2, '3.kolo');
insert into UTAKMICA (utakmica_id, datum_odigravanja, natjecanje, domaca_utakmica, protivnik, zabijeni_golovi, primljeni_golovi, opis) 
VALUES (4, '22-Apr-2019', '3.Županijska nogometna liga VS', 0, 'NK Račinovci', 1, 5, '4.kolo');
insert into UTAKMICA (utakmica_id, datum_odigravanja, natjecanje, domaca_utakmica, protivnik, zabijeni_golovi, primljeni_golovi, opis) 
VALUES (5, '25-Jul-2019', '3.Županijska nogometna liga VS', 1, 'NK Retkovci', 3, 0, '1.kolo');
insert into UTAKMICA (utakmica_id, datum_odigravanja, natjecanje, domaca_utakmica, protivnik, zabijeni_golovi, primljeni_golovi, opis) 
VALUES (6, '10-Dec-2019', '3.Županijska nogometna liga VS', 0, 'HNK Svinjarevci', 0, 0, '2.kolo');
insert into UTAKMICA (utakmica_id, datum_odigravanja, natjecanje, domaca_utakmica, protivnik, zabijeni_golovi, primljeni_golovi, opis) 
VALUES (7, '22-Feb-2020', '3.Županijska nogometna liga VS', 1, 'HNK Svinjarevci', 0, 1, '3.kolo');
insert into UTAKMICA (utakmica_id, datum_odigravanja, natjecanje, domaca_utakmica, protivnik, zabijeni_golovi, primljeni_golovi, opis) 
VALUES (8, '10-Apr-2020', '3.Županijska nogometna liga VS', 0, 'NK Retkovci', 0, 2, '4.kolo');
insert into UTAKMICA (utakmica_id, datum_odigravanja, natjecanje, domaca_utakmica, protivnik, zabijeni_golovi, primljeni_golovi, opis) 
VALUES (9, '26-Sep-2020', '3.Županijska nogometna liga VS', 1, 'HNK Svinjarevci', 4, 2, '1.kolo');
insert into UTAKMICA (utakmica_id, datum_odigravanja, natjecanje, domaca_utakmica, protivnik, zabijeni_golovi, primljeni_golovi, opis) 
VALUES (10, '07-Dec-2020', '3.Županijska nogometna liga VS', 0, 'NK Opatovac', 3, 0, '2.kolo');
insert into UTAKMICA (utakmica_id, datum_odigravanja, natjecanje, domaca_utakmica, protivnik, zabijeni_golovi, primljeni_golovi, opis) 
VALUES (11, '07-Feb-2021', '3.Županijska nogometna liga VS', 1, 'NK Opatovac', 3, 0, '3.kolo');
insert into UTAKMICA (utakmica_id, datum_odigravanja, natjecanje, domaca_utakmica, protivnik, zabijeni_golovi, primljeni_golovi, opis) 
VALUES (12, '17-Mar-2021', '3.Županijska nogometna liga VS', 0, 'HNK Svinjarevci', 3, 1, '4.kolo');
SELECT COUNT(*)
FROM (
SELECT SEZONA
FROM IGRAC_REGISTRACIJA
GROUP BY SEZONA);

-- 9. IGRAC_NASTUP
-- 1.ut
insert into IGRAC_NASTUP (broj_registracije, utakmica_id, pozicija, zuti_karton, crveni_karton, postignuti_golovi, usao_u_igru, pocetni_sastav)
VALUES (101, 1, 'Golman', 0, 0, 0, 0, 1);
insert into IGRAC_NASTUP (broj_registracije, utakmica_id, pozicija, zuti_karton, crveni_karton, postignuti_golovi, usao_u_igru, pocetni_sastav)
VALUES (102, 1, 'Branič', 0, 0, 0, 0, 1);
insert into IGRAC_NASTUP (broj_registracije, utakmica_id, pozicija, zuti_karton, crveni_karton, postignuti_golovi, usao_u_igru, pocetni_sastav)
VALUES (103, 1, 'Branič', 0, 0, 0, 0, 1);
insert into IGRAC_NASTUP (broj_registracije, utakmica_id, pozicija, zuti_karton, crveni_karton, postignuti_golovi, usao_u_igru, pocetni_sastav)
VALUES (104, 1, 'Branič', 0, 0, 0, 0, 1);
insert into IGRAC_NASTUP (broj_registracije, utakmica_id, pozicija, zuti_karton, crveni_karton, postignuti_golovi, usao_u_igru, pocetni_sastav)
VALUES (105, 1, 'Branič', 0, 0, 0, 0, 1);
insert into IGRAC_NASTUP (broj_registracije, utakmica_id, pozicija, zuti_karton, crveni_karton, postignuti_golovi, usao_u_igru, pocetni_sastav)
VALUES (106, 1, 'Veznjak', 0, 0, 1, 0, 1);
insert into IGRAC_NASTUP (broj_registracije, utakmica_id, pozicija, zuti_karton, crveni_karton, postignuti_golovi, usao_u_igru, pocetni_sastav)
VALUES (107, 1, 'Veznjak', 0, 0, 0, 0, 1);
insert into IGRAC_NASTUP (broj_registracije, utakmica_id, pozicija, zuti_karton, crveni_karton, postignuti_golovi, usao_u_igru, pocetni_sastav)
VALUES (108, 1, 'Veznjak', 0, 0, 0, 0, 1);
insert into IGRAC_NASTUP (broj_registracije, utakmica_id, pozicija, zuti_karton, crveni_karton, postignuti_golovi, usao_u_igru, pocetni_sastav)
VALUES (109, 1, 'Veznjak', 0, 0, 0, 0, 1);
insert into IGRAC_NASTUP (broj_registracije, utakmica_id, pozicija, zuti_karton, crveni_karton, postignuti_golovi, usao_u_igru, pocetni_sastav)
VALUES (110, 1, 'Napadač', 0, 0, 1, 0, 1);
insert into IGRAC_NASTUP (broj_registracije, utakmica_id, pozicija, zuti_karton, crveni_karton, postignuti_golovi, usao_u_igru, pocetni_sastav)
VALUES (111, 1, 'Napadač', 0, 0, 1, 0, 1);
insert into IGRAC_NASTUP (broj_registracije, utakmica_id, pozicija, zuti_karton, crveni_karton, postignuti_golovi, usao_u_igru, pocetni_sastav)
VALUES (112, 1, 'Branič', 0, 0, 0, 0, 0);
insert into IGRAC_NASTUP (broj_registracije, utakmica_id, pozicija, zuti_karton, crveni_karton, postignuti_golovi, usao_u_igru, pocetni_sastav)
VALUES (113, 1, 'Branič', 0, 0, 0, 1, 0);
insert into IGRAC_NASTUP (broj_registracije, utakmica_id, pozicija, zuti_karton, crveni_karton, postignuti_golovi, usao_u_igru, pocetni_sastav)
VALUES (114, 1, 'Golman', 0, 0, 0, 0, 0);
insert into IGRAC_NASTUP (broj_registracije, utakmica_id, pozicija, zuti_karton, crveni_karton, postignuti_golovi, usao_u_igru, pocetni_sastav)
VALUES (115, 1, 'Veznjak', 0, 0, 0, 1, 0);
insert into IGRAC_NASTUP (broj_registracije, utakmica_id, pozicija, zuti_karton, crveni_karton, postignuti_golovi, usao_u_igru, pocetni_sastav)
VALUES (116, 1, 'Veznjak', 0, 0, 0, 1, 0);
insert into IGRAC_NASTUP (broj_registracije, utakmica_id, pozicija, zuti_karton, crveni_karton, postignuti_golovi, usao_u_igru, pocetni_sastav)
VALUES (117, 1, 'Napadač', 0, 0, 0, 0, 0);
--2.ut
insert into IGRAC_NASTUP (broj_registracije, utakmica_id, pozicija, zuti_karton, crveni_karton, postignuti_golovi, usao_u_igru, pocetni_sastav)
VALUES (101, 2, 'Golman', 0, 0, 0, 0, 1);
insert into IGRAC_NASTUP (broj_registracije, utakmica_id, pozicija, zuti_karton, crveni_karton, postignuti_golovi, usao_u_igru, pocetni_sastav)
VALUES (102, 2, 'Branič', 1, 0, 0, 0, 1);
insert into IGRAC_NASTUP (broj_registracije, utakmica_id, pozicija, zuti_karton, crveni_karton, postignuti_golovi, usao_u_igru, pocetni_sastav)
VALUES (103, 2, 'Branič', 0, 0, 0, 0, 1);
insert into IGRAC_NASTUP (broj_registracije, utakmica_id, pozicija, zuti_karton, crveni_karton, postignuti_golovi, usao_u_igru, pocetni_sastav)
VALUES (104, 2, 'Branič', 0, 0, 0, 0, 1);
insert into IGRAC_NASTUP (broj_registracije, utakmica_id, pozicija, zuti_karton, crveni_karton, postignuti_golovi, usao_u_igru, pocetni_sastav)
VALUES (105, 2, 'Branič', 1, 0, 0, 0, 1);
insert into IGRAC_NASTUP (broj_registracije, utakmica_id, pozicija, zuti_karton, crveni_karton, postignuti_golovi, usao_u_igru, pocetni_sastav)
VALUES (106, 2, 'Veznjak', 1, 0, 0, 0, 1);
insert into IGRAC_NASTUP (broj_registracije, utakmica_id, pozicija, zuti_karton, crveni_karton, postignuti_golovi, usao_u_igru, pocetni_sastav)
VALUES (107, 2, 'Veznjak', 0, 0, 1, 0, 1);
insert into IGRAC_NASTUP (broj_registracije, utakmica_id, pozicija, zuti_karton, crveni_karton, postignuti_golovi, usao_u_igru, pocetni_sastav)
VALUES (108, 2, 'Veznjak', 0, 0, 1, 0, 1);
insert into IGRAC_NASTUP (broj_registracije, utakmica_id, pozicija, zuti_karton, crveni_karton, postignuti_golovi, usao_u_igru, pocetni_sastav)
VALUES (109, 2, 'Veznjak', 0, 0, 1, 0, 1);
insert into IGRAC_NASTUP (broj_registracije, utakmica_id, pozicija, zuti_karton, crveni_karton, postignuti_golovi, usao_u_igru, pocetni_sastav)
VALUES (110, 2, 'Napadač', 0, 0, 0, 0, 1);
insert into IGRAC_NASTUP (broj_registracije, utakmica_id, pozicija, zuti_karton, crveni_karton, postignuti_golovi, usao_u_igru, pocetni_sastav)
VALUES (111, 2, 'Napadač', 0, 0, 0, 0, 0);
insert into IGRAC_NASTUP (broj_registracije, utakmica_id, pozicija, zuti_karton, crveni_karton, postignuti_golovi, usao_u_igru, pocetni_sastav)
VALUES (112, 2, 'Branič', 0, 0, 0, 0, 0);
insert into IGRAC_NASTUP (broj_registracije, utakmica_id, pozicija, zuti_karton, crveni_karton, postignuti_golovi, usao_u_igru, pocetni_sastav)
VALUES (113, 2, 'Branič', 0, 0, 0, 1, 0);
insert into IGRAC_NASTUP (broj_registracije, utakmica_id, pozicija, zuti_karton, crveni_karton, postignuti_golovi, usao_u_igru, pocetni_sastav)
VALUES (114, 2, 'Golman', 0, 0, 0, 0, 0);
insert into IGRAC_NASTUP (broj_registracije, utakmica_id, pozicija, zuti_karton, crveni_karton, postignuti_golovi, usao_u_igru, pocetni_sastav)
VALUES (115, 2, 'Veznjak', 0, 0, 0, 1, 0);
insert into IGRAC_NASTUP (broj_registracije, utakmica_id, pozicija, zuti_karton, crveni_karton, postignuti_golovi, usao_u_igru, pocetni_sastav)
VALUES (116, 2, 'Veznjak', 0, 0, 0, 1, 0);
insert into IGRAC_NASTUP (broj_registracije, utakmica_id, pozicija, zuti_karton, crveni_karton, postignuti_golovi, usao_u_igru, pocetni_sastav)
VALUES (117, 2, 'Napadač', 0, 0, 0, 0, 1);
--3.ut
insert into IGRAC_NASTUP (broj_registracije, utakmica_id, pozicija, zuti_karton, crveni_karton, postignuti_golovi, usao_u_igru, pocetni_sastav)
VALUES (101, 3, 'Golman', 0, 0, 0, 0, 1);
insert into IGRAC_NASTUP (broj_registracije, utakmica_id, pozicija, zuti_karton, crveni_karton, postignuti_golovi, usao_u_igru, pocetni_sastav)
VALUES (102, 3, 'Branič', 0, 0, 0, 1, 0);
insert into IGRAC_NASTUP (broj_registracije, utakmica_id, pozicija, zuti_karton, crveni_karton, postignuti_golovi, usao_u_igru, pocetni_sastav)
VALUES (103, 3, 'Branič', 0, 0, 0, 1, 0);
insert into IGRAC_NASTUP (broj_registracije, utakmica_id, pozicija, zuti_karton, crveni_karton, postignuti_golovi, usao_u_igru, pocetni_sastav)
VALUES (104, 3, 'Branič', 0, 0, 0, 0, 1);
insert into IGRAC_NASTUP (broj_registracije, utakmica_id, pozicija, zuti_karton, crveni_karton, postignuti_golovi, usao_u_igru, pocetni_sastav)
VALUES (105, 3, 'Branič', 0, 0, 0, 0, 1);
insert into IGRAC_NASTUP (broj_registracije, utakmica_id, pozicija, zuti_karton, crveni_karton, postignuti_golovi, usao_u_igru, pocetni_sastav)
VALUES (106, 3, 'Veznjak', 0, 0, 0, 0, 1);
insert into IGRAC_NASTUP (broj_registracije, utakmica_id, pozicija, zuti_karton, crveni_karton, postignuti_golovi, usao_u_igru, pocetni_sastav)
VALUES (107, 3, 'Veznjak', 0, 0, 0, 0, 1);
insert into IGRAC_NASTUP (broj_registracije, utakmica_id, pozicija, zuti_karton, crveni_karton, postignuti_golovi, usao_u_igru, pocetni_sastav)
VALUES (108, 3, 'Veznjak', 0, 0, 0, 0, 1);
insert into IGRAC_NASTUP (broj_registracije, utakmica_id, pozicija, zuti_karton, crveni_karton, postignuti_golovi, usao_u_igru, pocetni_sastav)
VALUES (109, 3, 'Veznjak', 0, 0, 0, 0, 1);
insert into IGRAC_NASTUP (broj_registracije, utakmica_id, pozicija, zuti_karton, crveni_karton, postignuti_golovi, usao_u_igru, pocetni_sastav)
VALUES (110, 3, 'Napadač', 0, 0, 0, 0, 1);
insert into IGRAC_NASTUP (broj_registracije, utakmica_id, pozicija, zuti_karton, crveni_karton, postignuti_golovi, usao_u_igru, pocetni_sastav)
VALUES (111, 3, 'Napadač', 0, 0, 0, 0, 1);
insert into IGRAC_NASTUP (broj_registracije, utakmica_id, pozicija, zuti_karton, crveni_karton, postignuti_golovi, usao_u_igru, pocetni_sastav)
VALUES (112, 3, 'Branič', 0, 0, 0, 0, 1);
insert into IGRAC_NASTUP (broj_registracije, utakmica_id, pozicija, zuti_karton, crveni_karton, postignuti_golovi, usao_u_igru, pocetni_sastav)
VALUES (113, 3, 'Branič', 0, 1, 0, 0, 1);
insert into IGRAC_NASTUP (broj_registracije, utakmica_id, pozicija, zuti_karton, crveni_karton, postignuti_golovi, usao_u_igru, pocetni_sastav)
VALUES (114, 3, 'Golman', 0, 0, 0, 0, 0);
insert into IGRAC_NASTUP (broj_registracije, utakmica_id, pozicija, zuti_karton, crveni_karton, postignuti_golovi, usao_u_igru, pocetni_sastav)
VALUES (115, 3, 'Veznjak', 0, 0, 0, 1, 0);
insert into IGRAC_NASTUP (broj_registracije, utakmica_id, pozicija, zuti_karton, crveni_karton, postignuti_golovi, usao_u_igru, pocetni_sastav)
VALUES (116, 3, 'Veznjak', 0, 1, 0, 1, 0);
insert into IGRAC_NASTUP (broj_registracije, utakmica_id, pozicija, zuti_karton, crveni_karton, postignuti_golovi, usao_u_igru, pocetni_sastav)
VALUES (117, 3, 'Napadač', 0, 0, 0, 0, 0);
--4.ut
insert into IGRAC_NASTUP (broj_registracije, utakmica_id, pozicija, zuti_karton, crveni_karton, postignuti_golovi, usao_u_igru, pocetni_sastav)
VALUES (101, 4, 'Golman', 0, 0, 0, 0, 1);
insert into IGRAC_NASTUP (broj_registracije, utakmica_id, pozicija, zuti_karton, crveni_karton, postignuti_golovi, usao_u_igru, pocetni_sastav)
VALUES (102, 4, 'Branič', 0, 0, 0, 0, 1);
insert into IGRAC_NASTUP (broj_registracije, utakmica_id, pozicija, zuti_karton, crveni_karton, postignuti_golovi, usao_u_igru, pocetni_sastav)
VALUES (103, 4, 'Branič', 0, 0, 0, 0, 1);
insert into IGRAC_NASTUP (broj_registracije, utakmica_id, pozicija, zuti_karton, crveni_karton, postignuti_golovi, usao_u_igru, pocetni_sastav)
VALUES (104, 4, 'Branič', 0, 0, 0, 0, 1);
insert into IGRAC_NASTUP (broj_registracije, utakmica_id, pozicija, zuti_karton, crveni_karton, postignuti_golovi, usao_u_igru, pocetni_sastav)
VALUES (105, 4, 'Branič', 0, 0, 0, 0, 1);
insert into IGRAC_NASTUP (broj_registracije, utakmica_id, pozicija, zuti_karton, crveni_karton, postignuti_golovi, usao_u_igru, pocetni_sastav)
VALUES (106, 4, 'Veznjak', 0, 0, 0, 0, 1);
insert into IGRAC_NASTUP (broj_registracije, utakmica_id, pozicija, zuti_karton, crveni_karton, postignuti_golovi, usao_u_igru, pocetni_sastav)
VALUES (107, 4, 'Veznjak', 0, 0, 0, 0, 1);
insert into IGRAC_NASTUP (broj_registracije, utakmica_id, pozicija, zuti_karton, crveni_karton, postignuti_golovi, usao_u_igru, pocetni_sastav)
VALUES (108, 4, 'Veznjak', 0, 0, 0, 1, 0);
insert into IGRAC_NASTUP (broj_registracije, utakmica_id, pozicija, zuti_karton, crveni_karton, postignuti_golovi, usao_u_igru, pocetni_sastav)
VALUES (109, 4, 'Veznjak', 0, 0, 0, 1, 0);
insert into IGRAC_NASTUP (broj_registracije, utakmica_id, pozicija, zuti_karton, crveni_karton, postignuti_golovi, usao_u_igru, pocetni_sastav)
VALUES (110, 4, 'Napadač', 0, 0, 0, 0, 0);
insert into IGRAC_NASTUP (broj_registracije, utakmica_id, pozicija, zuti_karton, crveni_karton, postignuti_golovi, usao_u_igru, pocetni_sastav)
VALUES (111, 4, 'Napadač', 0, 0, 0, 0, 1);
insert into IGRAC_NASTUP (broj_registracije, utakmica_id, pozicija, zuti_karton, crveni_karton, postignuti_golovi, usao_u_igru, pocetni_sastav)
VALUES (112, 4, 'Branič', 0, 0, 0, 0, 0);
insert into IGRAC_NASTUP (broj_registracije, utakmica_id, pozicija, zuti_karton, crveni_karton, postignuti_golovi, usao_u_igru, pocetni_sastav)
VALUES (113, 4, 'Branič', 0, 0, 0, 1, 0);
insert into IGRAC_NASTUP (broj_registracije, utakmica_id, pozicija, zuti_karton, crveni_karton, postignuti_golovi, usao_u_igru, pocetni_sastav)
VALUES (114, 4, 'Golman', 0, 0, 0, 0, 0);
insert into IGRAC_NASTUP (broj_registracije, utakmica_id, pozicija, zuti_karton, crveni_karton, postignuti_golovi, usao_u_igru, pocetni_sastav)
VALUES (115, 4, 'Veznjak', 0, 0, 0, 0, 1);
insert into IGRAC_NASTUP (broj_registracije, utakmica_id, pozicija, zuti_karton, crveni_karton, postignuti_golovi, usao_u_igru, pocetni_sastav)
VALUES (116, 4, 'Veznjak', 0, 1, 0, 0, 1);
insert into IGRAC_NASTUP (broj_registracije, utakmica_id, pozicija, zuti_karton, crveni_karton, postignuti_golovi, usao_u_igru, pocetni_sastav)
VALUES (117, 4, 'Napadač', 0, 0, 1, 0, 1);
--5.ut
insert into IGRAC_NASTUP (broj_registracije, utakmica_id, pozicija, zuti_karton, crveni_karton, postignuti_golovi, usao_u_igru, pocetni_sastav)
VALUES (201, 5, 'Golman', 0, 0, 0, 0, 1);
insert into IGRAC_NASTUP (broj_registracije, utakmica_id, pozicija, zuti_karton, crveni_karton, postignuti_golovi, usao_u_igru, pocetni_sastav)
VALUES (202, 5, 'Branič', 0, 0, 0, 0, 1);
insert into IGRAC_NASTUP (broj_registracije, utakmica_id, pozicija, zuti_karton, crveni_karton, postignuti_golovi, usao_u_igru, pocetni_sastav)
VALUES (203, 5, 'Branič', 0, 0, 0, 0, 1);
insert into IGRAC_NASTUP (broj_registracije, utakmica_id, pozicija, zuti_karton, crveni_karton, postignuti_golovi, usao_u_igru, pocetni_sastav)
VALUES (204, 5, 'Branič', 0, 0, 0, 0, 1);
insert into IGRAC_NASTUP (broj_registracije, utakmica_id, pozicija, zuti_karton, crveni_karton, postignuti_golovi, usao_u_igru, pocetni_sastav)
VALUES (205, 5, 'Branič', 0, 0, 0, 0, 1);
insert into IGRAC_NASTUP (broj_registracije, utakmica_id, pozicija, zuti_karton, crveni_karton, postignuti_golovi, usao_u_igru, pocetni_sastav)
VALUES (206, 5, 'Veznjak', 0, 0, 1, 0, 1);
insert into IGRAC_NASTUP (broj_registracije, utakmica_id, pozicija, zuti_karton, crveni_karton, postignuti_golovi, usao_u_igru, pocetni_sastav)
VALUES (207, 5, 'Veznjak', 0, 0, 0, 0, 1);
insert into IGRAC_NASTUP (broj_registracije, utakmica_id, pozicija, zuti_karton, crveni_karton, postignuti_golovi, usao_u_igru, pocetni_sastav)
VALUES (208, 5, 'Veznjak', 0, 0, 0, 0, 1);
insert into IGRAC_NASTUP (broj_registracije, utakmica_id, pozicija, zuti_karton, crveni_karton, postignuti_golovi, usao_u_igru, pocetni_sastav)
VALUES (209, 5, 'Veznjak', 0, 0, 0, 0, 1);
insert into IGRAC_NASTUP (broj_registracije, utakmica_id, pozicija, zuti_karton, crveni_karton, postignuti_golovi, usao_u_igru, pocetni_sastav)
VALUES (210, 5, 'Napadač', 0, 0, 1, 0, 1);
insert into IGRAC_NASTUP (broj_registracije, utakmica_id, pozicija, zuti_karton, crveni_karton, postignuti_golovi, usao_u_igru, pocetni_sastav)
VALUES (211, 5, 'Napadač', 0, 0, 1, 0, 1);
insert into IGRAC_NASTUP (broj_registracije, utakmica_id, pozicija, zuti_karton, crveni_karton, postignuti_golovi, usao_u_igru, pocetni_sastav)
VALUES (212, 5, 'Branič', 0, 0, 0, 0, 0);
insert into IGRAC_NASTUP (broj_registracije, utakmica_id, pozicija, zuti_karton, crveni_karton, postignuti_golovi, usao_u_igru, pocetni_sastav)
VALUES (213, 5, 'Branič', 0, 0, 0, 1, 0);
insert into IGRAC_NASTUP (broj_registracije, utakmica_id, pozicija, zuti_karton, crveni_karton, postignuti_golovi, usao_u_igru, pocetni_sastav)
VALUES (214, 5, 'Golman', 0, 0, 0, 0, 0);
insert into IGRAC_NASTUP (broj_registracije, utakmica_id, pozicija, zuti_karton, crveni_karton, postignuti_golovi, usao_u_igru, pocetni_sastav)
VALUES (215, 5, 'Veznjak', 0, 0, 0, 1, 0);
insert into IGRAC_NASTUP (broj_registracije, utakmica_id, pozicija, zuti_karton, crveni_karton, postignuti_golovi, usao_u_igru, pocetni_sastav)
VALUES (216, 5, 'Veznjak', 0, 0, 0, 1, 0);
insert into IGRAC_NASTUP (broj_registracije, utakmica_id, pozicija, zuti_karton, crveni_karton, postignuti_golovi, usao_u_igru, pocetni_sastav)
VALUES (217, 5, 'Napadač', 0, 0, 0, 0, 0);
insert into IGRAC_NASTUP (broj_registracije, utakmica_id, pozicija, zuti_karton, crveni_karton, postignuti_golovi, usao_u_igru, pocetni_sastav)
VALUES (218, 5, 'Napadač', 0, 0, 0, 0, 0);
insert into IGRAC_NASTUP (broj_registracije, utakmica_id, pozicija, zuti_karton, crveni_karton, postignuti_golovi, usao_u_igru, pocetni_sastav)
VALUES (219, 5, 'Napadač', 0, 0, 0, 0, 0);
--6.ut
insert into IGRAC_NASTUP (broj_registracije, utakmica_id, pozicija, zuti_karton, crveni_karton, postignuti_golovi, usao_u_igru, pocetni_sastav)
VALUES (201, 6, 'Golman', 0, 0, 0, 0, 1);
insert into IGRAC_NASTUP (broj_registracije, utakmica_id, pozicija, zuti_karton, crveni_karton, postignuti_golovi, usao_u_igru, pocetni_sastav)
VALUES (202, 6, 'Branič', 0, 0, 0, 0, 1);
insert into IGRAC_NASTUP (broj_registracije, utakmica_id, pozicija, zuti_karton, crveni_karton, postignuti_golovi, usao_u_igru, pocetni_sastav)
VALUES (203, 6, 'Branič', 0, 0, 0, 0, 1);
insert into IGRAC_NASTUP (broj_registracije, utakmica_id, pozicija, zuti_karton, crveni_karton, postignuti_golovi, usao_u_igru, pocetni_sastav)
VALUES (204, 6, 'Branič', 0, 0, 0, 1, 0);
insert into IGRAC_NASTUP (broj_registracije, utakmica_id, pozicija, zuti_karton, crveni_karton, postignuti_golovi, usao_u_igru, pocetni_sastav)
VALUES (205, 6, 'Branič', 0, 0, 0, 0, 1);
insert into IGRAC_NASTUP (broj_registracije, utakmica_id, pozicija, zuti_karton, crveni_karton, postignuti_golovi, usao_u_igru, pocetni_sastav)
VALUES (206, 6, 'Veznjak', 0, 0, 0, 0, 1);
insert into IGRAC_NASTUP (broj_registracije, utakmica_id, pozicija, zuti_karton, crveni_karton, postignuti_golovi, usao_u_igru, pocetni_sastav)
VALUES (207, 6, 'Veznjak', 0, 0, 0, 0, 1);
insert into IGRAC_NASTUP (broj_registracije, utakmica_id, pozicija, zuti_karton, crveni_karton, postignuti_golovi, usao_u_igru, pocetni_sastav)
VALUES (208, 6, 'Veznjak', 0, 0, 0, 0, 1);
insert into IGRAC_NASTUP (broj_registracije, utakmica_id, pozicija, zuti_karton, crveni_karton, postignuti_golovi, usao_u_igru, pocetni_sastav)
VALUES (209, 6, 'Veznjak', 0, 0, 0, 0, 1);
insert into IGRAC_NASTUP (broj_registracije, utakmica_id, pozicija, zuti_karton, crveni_karton, postignuti_golovi, usao_u_igru, pocetni_sastav)
VALUES (210, 6, 'Napadač', 0, 0, 0, 1, 0);
insert into IGRAC_NASTUP (broj_registracije, utakmica_id, pozicija, zuti_karton, crveni_karton, postignuti_golovi, usao_u_igru, pocetni_sastav)
VALUES (211, 6, 'Napadač', 0, 0, 0, 0, 1);
insert into IGRAC_NASTUP (broj_registracije, utakmica_id, pozicija, zuti_karton, crveni_karton, postignuti_golovi, usao_u_igru, pocetni_sastav)
VALUES (212, 6, 'Branič', 0, 0, 0, 0, 0);
insert into IGRAC_NASTUP (broj_registracije, utakmica_id, pozicija, zuti_karton, crveni_karton, postignuti_golovi, usao_u_igru, pocetni_sastav)
VALUES (213, 6, 'Branič', 0, 0, 0, 0, 1);
insert into IGRAC_NASTUP (broj_registracije, utakmica_id, pozicija, zuti_karton, crveni_karton, postignuti_golovi, usao_u_igru, pocetni_sastav)
VALUES (214, 6, 'Golman', 0, 0, 0, 1, 0);
insert into IGRAC_NASTUP (broj_registracije, utakmica_id, pozicija, zuti_karton, crveni_karton, postignuti_golovi, usao_u_igru, pocetni_sastav)
VALUES (215, 6, 'Veznjak', 0, 0, 0, 1, 0);
insert into IGRAC_NASTUP (broj_registracije, utakmica_id, pozicija, zuti_karton, crveni_karton, postignuti_golovi, usao_u_igru, pocetni_sastav)
VALUES (216, 6, 'Veznjak', 0, 0, 0, 1, 0);
insert into IGRAC_NASTUP (broj_registracije, utakmica_id, pozicija, zuti_karton, crveni_karton, postignuti_golovi, usao_u_igru, pocetni_sastav)
VALUES (217, 6, 'Napadač', 0, 0, 0, 0, 1);
insert into IGRAC_NASTUP (broj_registracije, utakmica_id, pozicija, zuti_karton, crveni_karton, postignuti_golovi, usao_u_igru, pocetni_sastav)
VALUES (218, 6, 'Napadač', 0, 0, 0, 1, 0);
insert into IGRAC_NASTUP (broj_registracije, utakmica_id, pozicija, zuti_karton, crveni_karton, postignuti_golovi, usao_u_igru, pocetni_sastav)
VALUES (219, 6, 'Napadač', 0, 0, 0, 0, 0);
--7.ut
insert into IGRAC_NASTUP (broj_registracije, utakmica_id, pozicija, zuti_karton, crveni_karton, postignuti_golovi, usao_u_igru, pocetni_sastav)
VALUES (201, 7, 'Golman', 0, 0, 0, 0, 1);
insert into IGRAC_NASTUP (broj_registracije, utakmica_id, pozicija, zuti_karton, crveni_karton, postignuti_golovi, usao_u_igru, pocetni_sastav)
VALUES (202, 7, 'Branič', 0, 0, 0, 0, 1);
insert into IGRAC_NASTUP (broj_registracije, utakmica_id, pozicija, zuti_karton, crveni_karton, postignuti_golovi, usao_u_igru, pocetni_sastav)
VALUES (203, 7, 'Branič', 0, 0, 0, 0, 1);
insert into IGRAC_NASTUP (broj_registracije, utakmica_id, pozicija, zuti_karton, crveni_karton, postignuti_golovi, usao_u_igru, pocetni_sastav)
VALUES (204, 7, 'Branič', 0, 0, 0, 1, 0);
insert into IGRAC_NASTUP (broj_registracije, utakmica_id, pozicija, zuti_karton, crveni_karton, postignuti_golovi, usao_u_igru, pocetni_sastav)
VALUES (205, 7, 'Branič', 1, 0, 0, 0, 1);
insert into IGRAC_NASTUP (broj_registracije, utakmica_id, pozicija, zuti_karton, crveni_karton, postignuti_golovi, usao_u_igru, pocetni_sastav)
VALUES (206, 7, 'Veznjak', 1, 0, 0, 0, 0);
insert into IGRAC_NASTUP (broj_registracije, utakmica_id, pozicija, zuti_karton, crveni_karton, postignuti_golovi, usao_u_igru, pocetni_sastav)
VALUES (207, 7, 'Veznjak', 1, 0, 0, 0, 1);
insert into IGRAC_NASTUP (broj_registracije, utakmica_id, pozicija, zuti_karton, crveni_karton, postignuti_golovi, usao_u_igru, pocetni_sastav)
VALUES (208, 7, 'Veznjak', 1, 0, 0, 0, 1);
insert into IGRAC_NASTUP (broj_registracije, utakmica_id, pozicija, zuti_karton, crveni_karton, postignuti_golovi, usao_u_igru, pocetni_sastav)
VALUES (209, 7, 'Veznjak', 0, 0, 0, 0, 1);
insert into IGRAC_NASTUP (broj_registracije, utakmica_id, pozicija, zuti_karton, crveni_karton, postignuti_golovi, usao_u_igru, pocetni_sastav)
VALUES (210, 7, 'Napadač', 0, 1, 0, 1, 0);
insert into IGRAC_NASTUP (broj_registracije, utakmica_id, pozicija, zuti_karton, crveni_karton, postignuti_golovi, usao_u_igru, pocetni_sastav)
VALUES (211, 7, 'Napadač', 0, 0, 0, 0, 1);
insert into IGRAC_NASTUP (broj_registracije, utakmica_id, pozicija, zuti_karton, crveni_karton, postignuti_golovi, usao_u_igru, pocetni_sastav)
VALUES (212, 7, 'Branič', 0, 0, 0, 0, 0);
insert into IGRAC_NASTUP (broj_registracije, utakmica_id, pozicija, zuti_karton, crveni_karton, postignuti_golovi, usao_u_igru, pocetni_sastav)
VALUES (213, 7, 'Branič', 0, 0, 0, 0, 1);
insert into IGRAC_NASTUP (broj_registracije, utakmica_id, pozicija, zuti_karton, crveni_karton, postignuti_golovi, usao_u_igru, pocetni_sastav)
VALUES (214, 7, 'Golman', 0, 0, 0, 1, 0);
insert into IGRAC_NASTUP (broj_registracije, utakmica_id, pozicija, zuti_karton, crveni_karton, postignuti_golovi, usao_u_igru, pocetni_sastav)
VALUES (215, 7, 'Veznjak', 0, 0, 0, 0, 1);
insert into IGRAC_NASTUP (broj_registracije, utakmica_id, pozicija, zuti_karton, crveni_karton, postignuti_golovi, usao_u_igru, pocetni_sastav)
VALUES (216, 7, 'Veznjak', 0, 0, 0, 1, 0);
insert into IGRAC_NASTUP (broj_registracije, utakmica_id, pozicija, zuti_karton, crveni_karton, postignuti_golovi, usao_u_igru, pocetni_sastav)
VALUES (217, 7, 'Napadač', 0, 0, 0, 0, 0);
insert into IGRAC_NASTUP (broj_registracije, utakmica_id, pozicija, zuti_karton, crveni_karton, postignuti_golovi, usao_u_igru, pocetni_sastav)
VALUES (218, 7, 'Napadač', 0, 0, 0, 1, 0);
insert into IGRAC_NASTUP (broj_registracije, utakmica_id, pozicija, zuti_karton, crveni_karton, postignuti_golovi, usao_u_igru, pocetni_sastav)
VALUES (219, 7, 'Napadač', 0, 0, 0, 0, 1);
--8.ut
insert into IGRAC_NASTUP (broj_registracije, utakmica_id, pozicija, zuti_karton, crveni_karton, postignuti_golovi, usao_u_igru, pocetni_sastav)
VALUES (201, 8, 'Golman', 0, 0, 0, 0, 0);
insert into IGRAC_NASTUP (broj_registracije, utakmica_id, pozicija, zuti_karton, crveni_karton, postignuti_golovi, usao_u_igru, pocetni_sastav)
VALUES (202, 8, 'Branič', 0, 0, 0, 0, 0);
insert into IGRAC_NASTUP (broj_registracije, utakmica_id, pozicija, zuti_karton, crveni_karton, postignuti_golovi, usao_u_igru, pocetni_sastav)
VALUES (203, 8, 'Branič', 0, 0, 0, 0, 1);
insert into IGRAC_NASTUP (broj_registracije, utakmica_id, pozicija, zuti_karton, crveni_karton, postignuti_golovi, usao_u_igru, pocetni_sastav)
VALUES (204, 8, 'Branič', 0, 0, 0, 1, 0);
insert into IGRAC_NASTUP (broj_registracije, utakmica_id, pozicija, zuti_karton, crveni_karton, postignuti_golovi, usao_u_igru, pocetni_sastav)
VALUES (205, 8, 'Branič', 0, 0, 0, 0, 1);
insert into IGRAC_NASTUP (broj_registracije, utakmica_id, pozicija, zuti_karton, crveni_karton, postignuti_golovi, usao_u_igru, pocetni_sastav)
VALUES (206, 8, 'Veznjak', 0, 0, 0, 0, 1);
insert into IGRAC_NASTUP (broj_registracije, utakmica_id, pozicija, zuti_karton, crveni_karton, postignuti_golovi, usao_u_igru, pocetni_sastav)
VALUES (207, 8, 'Veznjak', 0, 0, 0, 0, 1);
insert into IGRAC_NASTUP (broj_registracije, utakmica_id, pozicija, zuti_karton, crveni_karton, postignuti_golovi, usao_u_igru, pocetni_sastav)
VALUES (208, 8, 'Veznjak', 0, 0, 0, 0, 1);
insert into IGRAC_NASTUP (broj_registracije, utakmica_id, pozicija, zuti_karton, crveni_karton, postignuti_golovi, usao_u_igru, pocetni_sastav)
VALUES (209, 8, 'Veznjak', 1, 0, 0, 0, 1);
insert into IGRAC_NASTUP (broj_registracije, utakmica_id, pozicija, zuti_karton, crveni_karton, postignuti_golovi, usao_u_igru, pocetni_sastav)
VALUES (210, 8, 'Napadač', 1, 0, 0, 1, 0);
insert into IGRAC_NASTUP (broj_registracije, utakmica_id, pozicija, zuti_karton, crveni_karton, postignuti_golovi, usao_u_igru, pocetni_sastav)
VALUES (211, 8, 'Napadač', 0, 0, 0, 0, 1);
insert into IGRAC_NASTUP (broj_registracije, utakmica_id, pozicija, zuti_karton, crveni_karton, postignuti_golovi, usao_u_igru, pocetni_sastav)
VALUES (212, 8, 'Branič', 1, 0, 0, 0, 1);
insert into IGRAC_NASTUP (broj_registracije, utakmica_id, pozicija, zuti_karton, crveni_karton, postignuti_golovi, usao_u_igru, pocetni_sastav)
VALUES (213, 8, 'Branič', 0, 0, 0, 0, 1);
insert into IGRAC_NASTUP (broj_registracije, utakmica_id, pozicija, zuti_karton, crveni_karton, postignuti_golovi, usao_u_igru, pocetni_sastav)
VALUES (214, 8, 'Golman', 0, 0, 0, 0, 1);
insert into IGRAC_NASTUP (broj_registracije, utakmica_id, pozicija, zuti_karton, crveni_karton, postignuti_golovi, usao_u_igru, pocetni_sastav)
VALUES (215, 8, 'Veznjak', 0, 0, 0, 1, 0);
insert into IGRAC_NASTUP (broj_registracije, utakmica_id, pozicija, zuti_karton, crveni_karton, postignuti_golovi, usao_u_igru, pocetni_sastav)
VALUES (216, 8, 'Veznjak', 0, 0, 0, 1, 0);
insert into IGRAC_NASTUP (broj_registracije, utakmica_id, pozicija, zuti_karton, crveni_karton, postignuti_golovi, usao_u_igru, pocetni_sastav)
VALUES (217, 8, 'Napadač', 0, 0, 0, 0, 1);
insert into IGRAC_NASTUP (broj_registracije, utakmica_id, pozicija, zuti_karton, crveni_karton, postignuti_golovi, usao_u_igru, pocetni_sastav)
VALUES (218, 8, 'Napadač', 0, 0, 0, 1, 0);
insert into IGRAC_NASTUP (broj_registracije, utakmica_id, pozicija, zuti_karton, crveni_karton, postignuti_golovi, usao_u_igru, pocetni_sastav)
VALUES (219, 8, 'Napadač', 0, 0, 0, 0, 0);
--9.ut
insert into IGRAC_NASTUP (broj_registracije, utakmica_id, pozicija, zuti_karton, crveni_karton, postignuti_golovi, usao_u_igru, pocetni_sastav)
VALUES (301, 9, 'Golman', 0, 0, 0, 0, 1);
insert into IGRAC_NASTUP (broj_registracije, utakmica_id, pozicija, zuti_karton, crveni_karton, postignuti_golovi, usao_u_igru, pocetni_sastav)
VALUES (302, 9, 'Branič', 0, 0, 0, 0, 1);
insert into IGRAC_NASTUP (broj_registracije, utakmica_id, pozicija, zuti_karton, crveni_karton, postignuti_golovi, usao_u_igru, pocetni_sastav)
VALUES (303, 9, 'Branič', 0, 0, 0, 0, 1);
insert into IGRAC_NASTUP (broj_registracije, utakmica_id, pozicija, zuti_karton, crveni_karton, postignuti_golovi, usao_u_igru, pocetni_sastav)
VALUES (304, 9, 'Branič', 0, 0, 1, 1, 0);
insert into IGRAC_NASTUP (broj_registracije, utakmica_id, pozicija, zuti_karton, crveni_karton, postignuti_golovi, usao_u_igru, pocetni_sastav)
VALUES (305, 9, 'Branič', 0, 0, 1, 0, 1);
insert into IGRAC_NASTUP (broj_registracije, utakmica_id, pozicija, zuti_karton, crveni_karton, postignuti_golovi, usao_u_igru, pocetni_sastav)
VALUES (306, 9, 'Veznjak', 0, 0, 0, 0, 1);
insert into IGRAC_NASTUP (broj_registracije, utakmica_id, pozicija, zuti_karton, crveni_karton, postignuti_golovi, usao_u_igru, pocetni_sastav)
VALUES (307, 9, 'Veznjak', 0, 0, 0, 0, 1);
insert into IGRAC_NASTUP (broj_registracije, utakmica_id, pozicija, zuti_karton, crveni_karton, postignuti_golovi, usao_u_igru, pocetni_sastav)
VALUES (308, 9, 'Veznjak', 0, 0, 0, 0, 1);
insert into IGRAC_NASTUP (broj_registracije, utakmica_id, pozicija, zuti_karton, crveni_karton, postignuti_golovi, usao_u_igru, pocetni_sastav)
VALUES (309, 9, 'Veznjak', 0, 0, 0, 0, 1);
insert into IGRAC_NASTUP (broj_registracije, utakmica_id, pozicija, zuti_karton, crveni_karton, postignuti_golovi, usao_u_igru, pocetni_sastav)
VALUES (310, 9, 'Napadač', 0, 0, 0, 1, 0);
insert into IGRAC_NASTUP (broj_registracije, utakmica_id, pozicija, zuti_karton, crveni_karton, postignuti_golovi, usao_u_igru, pocetni_sastav)
VALUES (311, 9, 'Napadač', 0, 0, 0, 0, 1);
insert into IGRAC_NASTUP (broj_registracije, utakmica_id, pozicija, zuti_karton, crveni_karton, postignuti_golovi, usao_u_igru, pocetni_sastav)
VALUES (312, 9, 'Branič', 0, 0, 0, 0, 0);
insert into IGRAC_NASTUP (broj_registracije, utakmica_id, pozicija, zuti_karton, crveni_karton, postignuti_golovi, usao_u_igru, pocetni_sastav)
VALUES (313, 9, 'Branič', 0, 0, 0, 0, 1);
insert into IGRAC_NASTUP (broj_registracije, utakmica_id, pozicija, zuti_karton, crveni_karton, postignuti_golovi, usao_u_igru, pocetni_sastav)
VALUES (314, 9, 'Golman', 0, 0, 0, 1, 0);
insert into IGRAC_NASTUP (broj_registracije, utakmica_id, pozicija, zuti_karton, crveni_karton, postignuti_golovi, usao_u_igru, pocetni_sastav)
VALUES (315, 9, 'Veznjak', 0, 0, 1, 1, 0);
insert into IGRAC_NASTUP (broj_registracije, utakmica_id, pozicija, zuti_karton, crveni_karton, postignuti_golovi, usao_u_igru, pocetni_sastav)
VALUES (316, 9, 'Veznjak', 0, 0, 0, 1, 0);
insert into IGRAC_NASTUP (broj_registracije, utakmica_id, pozicija, zuti_karton, crveni_karton, postignuti_golovi, usao_u_igru, pocetni_sastav)
VALUES (317, 9, 'Napadač', 0, 0, 0, 0, 1);
--10.ut
insert into IGRAC_NASTUP (broj_registracije, utakmica_id, pozicija, zuti_karton, crveni_karton, postignuti_golovi, usao_u_igru, pocetni_sastav)
VALUES (301, 10, 'Golman', 0, 0, 0, 0, 1);
insert into IGRAC_NASTUP (broj_registracije, utakmica_id, pozicija, zuti_karton, crveni_karton, postignuti_golovi, usao_u_igru, pocetni_sastav)
VALUES (302, 10, 'Branič', 0, 0, 0, 0, 1);
insert into IGRAC_NASTUP (broj_registracije, utakmica_id, pozicija, zuti_karton, crveni_karton, postignuti_golovi, usao_u_igru, pocetni_sastav)
VALUES (303, 10, 'Branič', 0, 0, 0, 0, 1);
insert into IGRAC_NASTUP (broj_registracije, utakmica_id, pozicija, zuti_karton, crveni_karton, postignuti_golovi, usao_u_igru, pocetni_sastav)
VALUES (304, 10, 'Branič', 0, 0, 0, 1, 0);
insert into IGRAC_NASTUP (broj_registracije, utakmica_id, pozicija, zuti_karton, crveni_karton, postignuti_golovi, usao_u_igru, pocetni_sastav)
VALUES (305, 10, 'Branič', 0, 0, 0, 0, 1);
insert into IGRAC_NASTUP (broj_registracije, utakmica_id, pozicija, zuti_karton, crveni_karton, postignuti_golovi, usao_u_igru, pocetni_sastav)
VALUES (306, 10, 'Veznjak', 0, 0, 1, 0, 1);
insert into IGRAC_NASTUP (broj_registracije, utakmica_id, pozicija, zuti_karton, crveni_karton, postignuti_golovi, usao_u_igru, pocetni_sastav)
VALUES (307, 10, 'Veznjak', 0, 0, 0, 0, 1);
insert into IGRAC_NASTUP (broj_registracije, utakmica_id, pozicija, zuti_karton, crveni_karton, postignuti_golovi, usao_u_igru, pocetni_sastav)
VALUES (308, 10, 'Veznjak', 0, 0, 0, 0, 1);
insert into IGRAC_NASTUP (broj_registracije, utakmica_id, pozicija, zuti_karton, crveni_karton, postignuti_golovi, usao_u_igru, pocetni_sastav)
VALUES (309, 10, 'Veznjak', 0, 0, 0, 0, 0);
insert into IGRAC_NASTUP (broj_registracije, utakmica_id, pozicija, zuti_karton, crveni_karton, postignuti_golovi, usao_u_igru, pocetni_sastav)
VALUES (310, 10, 'Napadač', 0, 0, 0, 0, 1);
insert into IGRAC_NASTUP (broj_registracije, utakmica_id, pozicija, zuti_karton, crveni_karton, postignuti_golovi, usao_u_igru, pocetni_sastav)
VALUES (311, 10, 'Napadač', 0, 0, 1, 1, 0);
insert into IGRAC_NASTUP (broj_registracije, utakmica_id, pozicija, zuti_karton, crveni_karton, postignuti_golovi, usao_u_igru, pocetni_sastav)
VALUES (312, 10, 'Branič', 0, 0, 0, 0, 0);
insert into IGRAC_NASTUP (broj_registracije, utakmica_id, pozicija, zuti_karton, crveni_karton, postignuti_golovi, usao_u_igru, pocetni_sastav)
VALUES (313, 10, 'Branič', 0, 0, 0, 0, 1);
insert into IGRAC_NASTUP (broj_registracije, utakmica_id, pozicija, zuti_karton, crveni_karton, postignuti_golovi, usao_u_igru, pocetni_sastav)
VALUES (314, 10, 'Golman', 0, 0, 0, 1, 0);
insert into IGRAC_NASTUP (broj_registracije, utakmica_id, pozicija, zuti_karton, crveni_karton, postignuti_golovi, usao_u_igru, pocetni_sastav)
VALUES (315, 10, 'Veznjak', 0, 0, 1, 0, 1);
insert into IGRAC_NASTUP (broj_registracije, utakmica_id, pozicija, zuti_karton, crveni_karton, postignuti_golovi, usao_u_igru, pocetni_sastav)
VALUES (316, 10, 'Veznjak', 0, 0, 0, 1, 0);
insert into IGRAC_NASTUP (broj_registracije, utakmica_id, pozicija, zuti_karton, crveni_karton, postignuti_golovi, usao_u_igru, pocetni_sastav)
VALUES (317, 10, 'Napadač', 0, 0, 0, 0, 1);
--11.ut
insert into IGRAC_NASTUP (broj_registracije, utakmica_id, pozicija, zuti_karton, crveni_karton, postignuti_golovi, usao_u_igru, pocetni_sastav)
VALUES (301, 11, 'Golman', 0, 0, 0, 0, 1);
insert into IGRAC_NASTUP (broj_registracije, utakmica_id, pozicija, zuti_karton, crveni_karton, postignuti_golovi, usao_u_igru, pocetni_sastav)
VALUES (302, 11, 'Branič', 0, 0, 0, 1, 0);
insert into IGRAC_NASTUP (broj_registracije, utakmica_id, pozicija, zuti_karton, crveni_karton, postignuti_golovi, usao_u_igru, pocetni_sastav)
VALUES (303, 11, 'Branič', 1, 0, 0, 0, 1);
insert into IGRAC_NASTUP (broj_registracije, utakmica_id, pozicija, zuti_karton, crveni_karton, postignuti_golovi, usao_u_igru, pocetni_sastav)
VALUES (304, 11, 'Branič', 1, 0, 0, 1, 0);
insert into IGRAC_NASTUP (broj_registracije, utakmica_id, pozicija, zuti_karton, crveni_karton, postignuti_golovi, usao_u_igru, pocetni_sastav)
VALUES (305, 11, 'Branič', 0, 0, 0, 0, 1);
insert into IGRAC_NASTUP (broj_registracije, utakmica_id, pozicija, zuti_karton, crveni_karton, postignuti_golovi, usao_u_igru, pocetni_sastav)
VALUES (306, 11, 'Veznjak', 1, 0, 0, 0, 1);
insert into IGRAC_NASTUP (broj_registracije, utakmica_id, pozicija, zuti_karton, crveni_karton, postignuti_golovi, usao_u_igru, pocetni_sastav)
VALUES (307, 11, 'Veznjak', 0, 0, 1, 0, 1);
insert into IGRAC_NASTUP (broj_registracije, utakmica_id, pozicija, zuti_karton, crveni_karton, postignuti_golovi, usao_u_igru, pocetni_sastav)
VALUES (308, 11, 'Veznjak', 0, 0, 0, 0, 1);
insert into IGRAC_NASTUP (broj_registracije, utakmica_id, pozicija, zuti_karton, crveni_karton, postignuti_golovi, usao_u_igru, pocetni_sastav)
VALUES (309, 11, 'Veznjak', 1, 0, 0, 0, 1);
insert into IGRAC_NASTUP (broj_registracije, utakmica_id, pozicija, zuti_karton, crveni_karton, postignuti_golovi, usao_u_igru, pocetni_sastav)
VALUES (310, 11, 'Napadač', 0, 0, 0, 0, 1);
insert into IGRAC_NASTUP (broj_registracije, utakmica_id, pozicija, zuti_karton, crveni_karton, postignuti_golovi, usao_u_igru, pocetni_sastav)
VALUES (311, 11, 'Napadač', 0, 0, 0, 1, 0);
insert into IGRAC_NASTUP (broj_registracije, utakmica_id, pozicija, zuti_karton, crveni_karton, postignuti_golovi, usao_u_igru, pocetni_sastav)
VALUES (312, 11, 'Branič', 0, 0, 1, 0, 1);
insert into IGRAC_NASTUP (broj_registracije, utakmica_id, pozicija, zuti_karton, crveni_karton, postignuti_golovi, usao_u_igru, pocetni_sastav)
VALUES (313, 11, 'Branič', 0, 0, 0, 0, 1);
insert into IGRAC_NASTUP (broj_registracije, utakmica_id, pozicija, zuti_karton, crveni_karton, postignuti_golovi, usao_u_igru, pocetni_sastav)
VALUES (314, 11, 'Golman', 0, 0, 0, 1, 0);
insert into IGRAC_NASTUP (broj_registracije, utakmica_id, pozicija, zuti_karton, crveni_karton, postignuti_golovi, usao_u_igru, pocetni_sastav)
VALUES (315, 11, 'Veznjak', 0, 0, 1, 1, 0);
insert into IGRAC_NASTUP (broj_registracije, utakmica_id, pozicija, zuti_karton, crveni_karton, postignuti_golovi, usao_u_igru, pocetni_sastav)
VALUES (316, 11, 'Veznjak', 0, 0, 0, 1, 0);
insert into IGRAC_NASTUP (broj_registracije, utakmica_id, pozicija, zuti_karton, crveni_karton, postignuti_golovi, usao_u_igru, pocetni_sastav)
VALUES (317, 11, 'Napadač', 0, 0, 0, 0, 1);
--12.ut
insert into IGRAC_NASTUP (broj_registracije, utakmica_id, pozicija, zuti_karton, crveni_karton, postignuti_golovi, usao_u_igru, pocetni_sastav)
VALUES (301, 12, 'Golman', 0, 0, 0, 0, 1);
insert into IGRAC_NASTUP (broj_registracije, utakmica_id, pozicija, zuti_karton, crveni_karton, postignuti_golovi, usao_u_igru, pocetni_sastav)
VALUES (302, 12, 'Branič', 0, 0, 0, 0, 1);
insert into IGRAC_NASTUP (broj_registracije, utakmica_id, pozicija, zuti_karton, crveni_karton, postignuti_golovi, usao_u_igru, pocetni_sastav)
VALUES (303, 12, 'Branič', 0, 0, 0, 0, 1);
insert into IGRAC_NASTUP (broj_registracije, utakmica_id, pozicija, zuti_karton, crveni_karton, postignuti_golovi, usao_u_igru, pocetni_sastav)
VALUES (304, 12, 'Branič', 0, 0, 0, 1, 0);
insert into IGRAC_NASTUP (broj_registracije, utakmica_id, pozicija, zuti_karton, crveni_karton, postignuti_golovi, usao_u_igru, pocetni_sastav)
VALUES (305, 12, 'Branič', 0, 0, 0, 0, 1);
insert into IGRAC_NASTUP (broj_registracije, utakmica_id, pozicija, zuti_karton, crveni_karton, postignuti_golovi, usao_u_igru, pocetni_sastav)
VALUES (306, 12, 'Veznjak', 0, 0, 0, 0, 1);
insert into IGRAC_NASTUP (broj_registracije, utakmica_id, pozicija, zuti_karton, crveni_karton, postignuti_golovi, usao_u_igru, pocetni_sastav)
VALUES (307, 12, 'Veznjak', 0, 1, 0, 0, 1);
insert into IGRAC_NASTUP (broj_registracije, utakmica_id, pozicija, zuti_karton, crveni_karton, postignuti_golovi, usao_u_igru, pocetni_sastav)
VALUES (308, 12, 'Veznjak', 0, 0, 1, 1, 0);
insert into IGRAC_NASTUP (broj_registracije, utakmica_id, pozicija, zuti_karton, crveni_karton, postignuti_golovi, usao_u_igru, pocetni_sastav)
VALUES (309, 12, 'Veznjak', 1, 0, 0, 0, 1);
insert into IGRAC_NASTUP (broj_registracije, utakmica_id, pozicija, zuti_karton, crveni_karton, postignuti_golovi, usao_u_igru, pocetni_sastav)
VALUES (310, 12, 'Napadač', 1, 0, 1, 0, 1);
insert into IGRAC_NASTUP (broj_registracije, utakmica_id, pozicija, zuti_karton, crveni_karton, postignuti_golovi, usao_u_igru, pocetni_sastav)
VALUES (311, 12, 'Napadač', 0, 0, 0, 1, 0);
insert into IGRAC_NASTUP (broj_registracije, utakmica_id, pozicija, zuti_karton, crveni_karton, postignuti_golovi, usao_u_igru, pocetni_sastav)
VALUES (312, 12, 'Branič', 0, 0, 0, 0, 0);
insert into IGRAC_NASTUP (broj_registracije, utakmica_id, pozicija, zuti_karton, crveni_karton, postignuti_golovi, usao_u_igru, pocetni_sastav)
VALUES (313, 12, 'Branič', 0, 0, 0, 0, 1);
insert into IGRAC_NASTUP (broj_registracije, utakmica_id, pozicija, zuti_karton, crveni_karton, postignuti_golovi, usao_u_igru, pocetni_sastav)
VALUES (314, 12, 'Golman', 0, 0, 0, 0, 0);
insert into IGRAC_NASTUP (broj_registracije, utakmica_id, pozicija, zuti_karton, crveni_karton, postignuti_golovi, usao_u_igru, pocetni_sastav)
VALUES (315, 12, 'Veznjak', 0, 0, 0, 0, 1);
insert into IGRAC_NASTUP (broj_registracije, utakmica_id, pozicija, zuti_karton, crveni_karton, postignuti_golovi, usao_u_igru, pocetni_sastav)
VALUES (316, 12, 'Veznjak', 0, 0, 1, 1, 0);
insert into IGRAC_NASTUP (broj_registracije, utakmica_id, pozicija, zuti_karton, crveni_karton, postignuti_golovi, usao_u_igru, pocetni_sastav)
VALUES (317, 12, 'Napadač', 0, 0, 0, 0, 1);
